,subject_race,stop_rate
1,black,18.833618407179177
0,white,13.014780204836345
2,hispanic,10.53896542515591
3,asian/pacific islander,8.338522208385223
